{"cameraMode":{"drawMode":0,"name":"Shaded","section":"Shading Mode"},"sceneLighting":false,"audioPlay":false,"sceneViewState":{"showFog":true,"showMaterialUpdate":false,"showSkybox":true,"showFlares":true,"showImageEffects":true,"showParticleSystems":true},"in2DMode":false,"pivot":{"x":0.0006420016288757324,"y":0.8284939527511597,"z":-0.06277415156364441},"rotation":{"x":-0.11255275458097458,"y":0.34470272064208987,"z":-0.041672367602586749,"w":-0.9310077428817749},"size":4.252254962921143,"orthographic":false}