{"cameraMode":{"drawMode":0,"name":"Shaded","section":"Shading Mode"},"sceneLighting":false,"audioPlay":false,"sceneViewState":{"showFog":true,"showMaterialUpdate":false,"showSkybox":true,"showFlares":true,"showImageEffects":true,"showParticleSystems":true},"in2DMode":false,"pivot":{"x":-5.870410919189453,"y":-1.876612901687622,"z":0.33551886677742007},"rotation":{"x":-0.16902756690979005,"y":0.4316968619823456,"z":-0.08271486312150955,"w":-0.882171094417572},"size":4.252254962921143,"orthographic":false}